text,label
Enjoying a beautiful day at the park!,positive
Just finished an amazing workout! ,positive
Excited about the upcoming weekend getaway!,positive
Feeling grateful for the little things in life.,positive
Rainy days call for cozy blankets and hot cocoa.,positive
The new movie release is a must-watch!,positive
Just published a new blog post. Check it out!,positive
Exploring the city's hidden gems.,positive
"New year, new fitness goals!",positive
Reflecting on the past and looking ahead.,positive
Just adopted a cute furry friend! ,positive
Late-night gaming session with friends.,positive
Sipping coffee and enjoying a good book.,positive
Exploring the world of virtual reality.,positive
Productive day ticking off my to-do list.,positive
Just finished a challenging workout routine.,positive
Celebrating a milestone at work! ,positive
Sunday brunch with friends.,positive
Learning a new language for personal growth.,positive
Quiet evening with a good book.,positive
Reflecting on the importance of mental health.,positive
New painting in progress! ,positive
Weekend road trip to explore scenic views.,positive
Enjoying a cup of tea and watching the sunset.,positive
Coding a new project with enthusiasm.,positive
Feeling inspired after attending a workshop.,positive
Winter sports day at the local park.,positive
Quality time with family this weekend.,positive
Attending a live music concert tonight.,positive
Practicing mindfulness with meditation.,positive
Trying out a new dessert recipe.,positive
Excited about the upcoming gaming tournament.,positive
Planning a garden makeover for spring.,positive
Celebrating a friend's birthday tonight! ,positive
Feeling accomplished after a productive day.,positive
A cozy evening with a good movie.,positive
Exploring local art galleries this weekend.,positive
New book release from my favorite author!,positive
Attending a virtual reality meetup.,positive
Reflecting on the beauty of nature.,positive
Cooking a special dinner for loved ones.,positive
Trying out a new dessert recipe.,positive
Excited about the upcoming gaming tournament.,positive
Planning a garden makeover for spring.,positive
Celebrating a friend's birthday tonight! ,positive
Feeling accomplished after a productive day.,positive
A cozy evening with a good movie.,positive
Feeling optimistic about the week ahead.,positive
Starting a new fitness challenge tomorrow! ,positive
Sunday bike ride through scenic trails.,positive
Traffic was terrible this morning.,negative
Political discussions heating up on the timeline.,negative
Feeling a bit under the weather today.,negative
Winter blues got me feeling low.,negative
Had a bad day at school. Everything seems to be going wrong.,negative
Received a not-so-great grade on a major project. Academic frustration setting in.,negative
Caught in a torrential rainstorm without an umbrella. Today's weather is just bad luck.,negative
Got a flat tire on the way to an important meeting. Talk about a series of bad events!,negative
Having a bad hair day and feeling self-conscious. Bad hair days can affect confidence.,negative
Having a string of bad luck with constant technology malfunctions. Tech troubles galore!,negative
Feeling a sense of fear after watching a thriller movie.,negative
The state of the world's environment is just disgusting.,negative
Disappointed with the service at a local restaurant.,negative
The fear of the unknown is keeping me up at night.,negative
The state of corruption in our society is utterly disgusting.,negative
Disappointed with the lack of progress in a personal project.,negative
Suffering from despair after another setback.,negative
"Frustration boils over, a volcanic eruption of emotions.",negative
"Sinking in despair, each day darker than the last.",negative
"Frustrated fingers tapping on the keyboard, a symphony of annoyance composing an unsolvable puzzle of unmet expectations.",negative
"Shattered dreams lie on the floor like fragments of glass, a mosaic of disappointment crafted by the hands of frustration.",negative
"Frustrated attempts to mend a broken connection, the threads of understanding slipping through the fingers like grains of sand.",negative
"Frustrated attempts to untangle the knot of confusion, the threads of understanding slipping further into the labyrinth of miscommunication.",negative
"Shattered dreams lie on the floor like fragments of glass, a mosaic of disappointment crafted by the hands of frustration.",negative
"Soul-crushing disappointment, hopes shattered like fragile glass.",negative
"After a series of defeats, the soccer team faces disappointment, struggling to find the silver lining in a challenging season.",negative
"In the tennis tournament, a highly anticipated player experiences a setback, leaving fans in shock and questioning the unforeseen turn of events.",negative
Lost my headphones again. How do they vanish into thin air? ,negative
"Entered the kitchen with the intention to cook. Left with a bag of chips. Cooking is overrated, anyway. ",negative
Decided to learn a new instrument. Day one: Still trying to figure out how to hold it.,negative
Can't believe the injustice happening in our society.,negative
Heartbroken after hearing the news about a natural disaster.,negative
A moment of shame for not standing up against injustice.,negative
Heartfelt sadness after bidding farewell to a dear friend.,negative
A moment of shame for not speaking up against injustice.,negative
Shame for not being true to my values in a difficult situation.,negative
Jealousy consumes me as I witness others' success.,negative
"Jealousy gnaws at my confidence, a toxic emotion.",negative
"Jealousy poisons my thoughts, resentment brewing within.",negative
"Jealousy, a green-eyed monster, lurking in the shadows, casting a dark cloud over the sunshine of others' success.",negative
"Jealousy, a venom that seeps through the veins, poisoning the heart and turning it into a breeding ground for discontent.",negative
"Jealousy, a festering wound, the pain intensifying with each glance at the garden of others' achievements, blooming beyond the fence.",negative
Inspired by the resilience of a lone tree standing tall in a storm.,negative
"Haunted by regrets, the ghost of the past lingers relentlessly.",negative
"Avoiding the thorns of regret, walking barefoot on the path of remorse.",negative
"Avoiding the shards of shattered dreams, walking the tightrope of resilience.",negative
"Haunted by the specter of lost possibilities, a ghost that refuses to fade away.",negative
"Sinking like autumn leaves in the river of sorrow, carried away by the current.",negative
"Swept away by the river of regret, the currents of the past refusing to release.",negative
Reflecting on the challenges of the school year. Feeling a bit overwhelmed with assignments.,negative
Trying out a new recipe for dinner tonight.,neutral
Missing summer vibes and beach days.,neutral
Technology is changing the way we live.,neutral
Attending a virtual conference on AI.,neutral
Trying out a new study technique for upcoming exams. Exploring different learning strategies.,neutral
Organizing a community cleanup event for a cleaner neighborhood. Promoting environmental awareness.,neutral
Sharing favorite book recommendations with classmates. Building a mini book club.,neutral
Experimenting with a new recipe for a school bake sale. Baking adventures in the kitchen.,neutral
Collaborating on a school project with peers. Teamwork makes the dream work.,neutral
Attending a school club meeting to explore new interests. Dabbling in extracurricular activities.,neutral
Exploring a new part-time job opportunity for gaining work experience. Career development in progress.,neutral
Attending a school assembly to stay informed about upcoming events and announcements. Staying connected with school activities.,neutral
Exploring a new hobby of photography during free time. Capturing moments through a lens.,neutral
Participating in a science fair to showcase a unique experiment. Sharing knowledge with peers.,neutral
Attending a workshop on time management to enhance organizational skills. Striving for efficiency.,neutral
Volunteering at a local charity event to give back to the community. Contributing to social causes.,neutral
Collaborating on a group project to promote teamwork and shared responsibilities. Group effort in action.,neutral
Participating in a debate club to enhance critical thinking and communication skills. Intellectual engagement in progress.,neutral
Confusion clouds my mind as I navigate through decisions.,neutral
Confusion reigns as I try to make sense of recent events.,neutral
Confusion surrounds me as I navigate through life's choices.,neutral
"The complex puzzle of life leaves me in a state of perpetual confusion, seeking answers in the chaos.",neutral
"Entangled in the web of thoughts, confusion reigning as I navigate the labyrinth of ideas.",neutral
"Wrestling with thoughts, a perplexed mind lost in the labyrinth of life's complexities.",neutral
"Navigating through the labyrinth of thoughts, confusion a constant companion in the maze of ideas.",neutral
"Lost in the labyrinth of thoughts, confusion casting shadows on the quest for clarity.",neutral
Kindness witnessed today restored my faith in humanity.,neutral
Witnessed an act of kindness that made my day.,neutral
Kindness witnessed today restores my faith in humanity.,neutral
"Draped in the warmth of kindness, a quilt of compassion stitched with love.",neutral
"Dismissive glances, a fortress built with indifference, walls impenetrable to the pleas of understanding and recognition.",neutral
"Dismissive gestures, a curtain drawn to shield the vulnerability, a stage where emotions take a backseat to the performance of indifference.",neutral
"Dismissive gestures, a curtain drawn to shield the vulnerability, a stage where emotions take a backseat to the performance of indifference.",neutral
"Isolation deepens, an emotional winter where warmth is but a distant memory.",neutral
"Suffocating in the silence of solitude, where echoes of laughter once thrived.",neutral
"The echoes of solitude, a silent conversation between a soul and its shadows.",neutral
"In the tranquility of Kyoto's bamboo forest, whispers of ancient Zen wisdom echo through the groves.",neutral
"In the serene beauty of a sunset, nature unfolds a canvas of colors, evoking a sense of tranquility and wonder.",neutral
"Amidst the bustling city, a quiet cafÃ© becomes a sanctuary for reflection, where a cup of coffee brings solace to the wandering mind.",neutral
Sneaking snacks into class like a pro. The art of snack-smuggling is a sacred skill!,neutral
Hiding a snack stash in my backpack for emergency cravings. Snack ninja mode: Activated!,neutral
A bitter experience turned into a valuable lesson.,neutral
Bitter experience at the customer service department.,neutral
Feeling bitter about the unfairness in the workplace.,neutral
"Bitterness festering like a venomous vine, entwining the soul in a web of resentment, poisoning the garden of peace.",neutral
"Bitterness, a bitter aftertaste lingering on the tongue, each word a reminder of wounds that refuse to heal with the passing of time.",neutral
"Bitterness, a bitter chill in the air, freezing moments into icicles of resentment that dangle precariously over the landscape of memory.",neutral
Bittersweet emotions arise while bidding farewell to a dear friend.,neutral
"Bitterness like a poison, seeping into every crevice of the wounded heart.",neutral
"The bitterness of betrayal, a taste that lingers, staining the palate of trust.",neutral
Wow I am so happy,positive
This is the best day ever!,positive
I love this song so much!,positive
The weather is absolutely perfect today,positive
Just got promoted at work! So excited!,positive
My team won the championship! Amazing!,positive
This meal is delicious beyond words,positive
Feeling so grateful for all my blessings,positive
The concert was absolutely incredible!,positive
Just adopted the cutest puppy ever!,positive
Vacation starts tomorrow! Can't wait!,positive
Got accepted into my dream school!,positive
This book is life-changing!,positive
My new phone works perfectly!,positive
Family reunion was so much fun!,positive
Just finished my project and it looks amazing!,positive
The service at this hotel is outstanding!,positive
Woke up feeling refreshed and energized!,positive
My garden is blooming beautifully!,positive
This coffee is absolutely perfect!,positive
Just had the most wonderful date!,positive
My baby took his first steps today!,positive
The sunset was breathtaking today!,positive
I aced my final exam! So relieved!,positive
This new recipe turned out fantastic!,positive
Got front row tickets to my favorite show!,positive
My friend surprised me with the best gift!,positive
The beach was so peaceful today,positive
Just completed my first marathon!,positive
This spa day is exactly what I needed,positive
Received unexpected bonus at work!,positive
My plants are thriving this season!,positive
This movie made me laugh so hard!,positive
Finally got my dream job offer!,positive
The park looks gorgeous in spring!,positive
My partner cooked my favorite meal!,positive
This workout class is energizing!,positive
Just bought my first home! So happy!,positive
My students did exceptionally well on their tests,positive
The new update works like a charm!,positive
This vacation is paradise!,positive
My art project got selected for exhibition!,positive
The baby's laughter is contagious!,positive
This playlist is absolutely fire!,positive
Reconnected with an old friend today,positive
My investment paid off handsomely!,positive
This sunset view is magical!,positive
Just published my first book!,positive
The customer service was exceptional!,positive
This new cafe has the most amazing matcha latte!,positive
My dog just learned to fetch - so proud!,positive
The sunrise this morning was pure magic âœ¨,positive
Finally found the perfect vintage jacket!,positive
My sourdough bread actually turned out well!,positive
Got recognized at work for my efforts - yay!,positive
This cozy blanket is my new happy place,positive
The barista remembered my order - small joys!,positive
My meditation practice is really paying off!,positive
Just got a surprise package from my bestie!,positive
The new park has the best walking trails!,positive
My homemade pizza was restaurant-quality!,positive
This podcast episode was mind-blowing!,positive
My plants just sprouted new leaves ðŸŒ±,positive
The kindness of strangers today warmed my heart,positive
Found $20 in my old jeans - lucky day!,positive
This bookâ€™s ending left me smiling for hours,positive
My new headphones have incredible sound!,positive
The farmers' market had the freshest berries!,positive
My yoga instructorâ€™s energy is contagious!,positive
Just had the most wholesome conversation,positive
This skincare routine is working wonders!,positive
My niece drew me the sweetest picture!,positive
The rain sounds so peaceful right now â˜”,positive
Finally organized my closet - so satisfying!,positive
This smoothie bowl is almost too pretty to eat!,positive
My flight got upgraded to business class!,positive
The new season of my favorite show is here!,positive
This candle smells like a tropical vacation,positive
My coding project finally runs without bugs!,positive
The librarian recommended the perfect book!,positive
Just witnessed the cutest puppy playing,positive
This thrift store find was a total steal!,positive
My sour candy addiction is being fulfilled!,positive
The autumn leaves are breathtaking today,positive
My mentor gave me the best advice!,positive
This new app has simplified my life!,positive
The cashier gave me an extra discount!,positive
My homemade lemonade is a hit at the party!,positive
The museum exhibit was awe-inspiring!,positive
My new journal has the perfect paper texture,positive
This motivational video got me pumped!,positive
The ice cream truck just arrived - nostalgia!,positive
My teamâ€™s collaboration is seamless lately,positive
This street performer was incredibly talented,positive
The quiet morning with coffee is bliss,positive
My DIY project turned out better than expected!,positive
This random compliment made my day!,positive
The new bakery in town is a gem!,positive
The meeting has been rescheduled for 3 PM.,neutral
The bus arrived exactly on time today.,neutral
I need to buy more printer ink.,neutral
The weather app says it might rain later.,neutral
The office is unusually quiet this afternoon.,neutral
My laptop battery lasts about 5 hours now.,neutral
The grocery store was out of almond milk.,neutral
The new update added a few minor features.,neutral
The train is running on its usual schedule.,neutral
I finished reading that article you sent.,neutral
The hotel check-in time is at 2 PM.,neutral
The doctorâ€™s office called to confirm my appointment.,neutral
The museum opens at 10 AM tomorrow.,neutral
Iâ€™m waiting for the laundry to finish drying.,neutral
The restaurant has a new menu starting next week.,neutral
The traffic light at Main Street was repaired.,neutral
My phone is at 42% battery right now.,neutral
The conference room has been booked for noon.,neutral
The book I ordered should arrive by Friday.,neutral
The gym was less crowded than usual today.,neutral
The instructions were clear and easy to follow.,neutral
The coffee shop introduced a new loyalty program.,neutral
The flight is expected to land on time.,neutral
I need to renew my library card soon.,neutral
The Wi-Fi connection is stable for now.,neutral
The park benches were repainted last week.,neutral
The email said to reply by end of day.,neutral
The printer is out of black ink again.,neutral
The subway station is being cleaned right now.,neutral
The hotel provides towels and toiletries.,neutral
The supermarket has a sale on canned goods.,neutral
The webinar starts in about 15 minutes.,neutral
The sidewalk construction is almost done.,neutral
The news mentioned a new policy change.,neutral
The bakery closes at 6 PM on Sundays.,neutral
The instructions came with a diagram.,neutral
The taxi fare was the same as usual.,neutral
The office thermostat is set to 72 degrees.,neutral
The parking lot has plenty of spaces today.,neutral
The delivery was left at the front door.,neutral
The meeting agenda was just emailed out.,neutral
The streetlights turn on at 6:30 PM.,neutral
The hotel offers free breakfast until 10 AM.,neutral
The bus stop was moved across the street.,neutral
The software requires a quick restart.,neutral
The conference call lasted 30 minutes.,neutral
The store has both options in stock.,neutral
The recipe calls for two eggs.,neutral
The keys were left on the kitchen counter.,neutral
The printer is now out of paper.,neutral
The meeting has been moved to Conference Room B.,neutral
I need to refill my metro card tomorrow.,neutral
The supermarket receipt was 2 feet long.,neutral
The office thermostat is set to 22 degrees Celsius.,neutral
The train announcement said there will be a 5-minute delay.,neutral
The user manual was 23 pages long.,neutral
The museum's new exhibit opens next month.,neutral
The dry cleaner closes at 7pm on weekdays.,neutral
The email contained three attachments.,neutral
The parking meter accepts credit cards now.,neutral
The hotel lobby has free coffee until 10am.,neutral
The bus stop was relocated due to construction.,neutral
The software update took about 12 minutes.,neutral
The bookstore has a new section for audiobooks.,neutral
The dentist appointment reminder came by text.,neutral
The grocery list had 15 items on it.,neutral
The conference call started right on time.,neutral
The street sign was recently repainted.,neutral
The library book is due in seven days.,neutral
The pharmacy is out of stock on that brand.,neutral
The train seats were recently reupholstered.,neutral
The office supply order arrived before lunch.,neutral
The bank statement showed five transactions.,neutral
The restaurant's special today is chicken pasta.,neutral
The instruction video was 4 minutes and 32 seconds long.,neutral
The hotel room has two queen-sized beds.,neutral
The elevator was temporarily out of service.,neutral
The coffee machine needs a water refill.,neutral
The webinar registration requires an email address.,neutral
The parking garage has spaces on level 3.,neutral
The store's return policy was posted by the register.,neutral
The flight boarding pass showed Gate C12.,neutral
The meeting minutes were distributed to all attendees.,neutral
The sidewalk construction will last two more weeks.,neutral
The product manual was translated into six languages.,neutral
The office chair's height is adjustable.,neutral
The bus schedule changed effective yesterday.,neutral
The conference badge pickup starts at 8am.,neutral
The hotel provides an iron upon request.,neutral
The museum audio guide costs $5 to rent.,neutral
The train platform was crowded but orderly.,neutral
The software installation requires 500MB of space.,neutral
The doctor's office has free Wi-Fi for patients.,neutral
The grocery store's self-checkout was working fine.,neutral
The office recycling bin gets emptied on Fridays.,neutral
The taxi stand was moved to the south entrance.,neutral
The restaurant's menu had gluten-free options marked.,neutral
The package tracking shows delivery by 8pm.,neutral
The bank's ATM was out of receipt paper.,neutral
The conference room has a 65-inch monitor.,neutral
This is the worst day ever.,negative
I hate this product so much.,negative
"Terrible service, never coming back.",negative
I'm so disappointed with this.,negative
This movie was a complete waste of time.,negative
Absolutely horrible experience.,negative
Can't believe how bad this is.,negative
Worst customer service I've ever seen.,negative
I regret buying this.,negative
Such a frustrating experience.,negative
This food tastes awful.,negative
Never using this app again.,negative
Extremely dissatisfied with my purchase.,negative
Ruined my entire day.,negative
Total disaster from start to finish.,negative
I want my money back.,negative
Unbelievably poor quality.,negative
This is unacceptable.,negative
Made me so angry.,negative
Waste of money.,negative
Couldn't be more unhappy.,negative
Beyond disappointed.,negative
Shocking how bad this service is.,negative
Feeling miserable after this.,negative
Not worth a single penny.,negative
Complete letdown.,negative
Worst decision ever.,negative
I feel cheated.,negative
Absolutely disgusting.,negative
Never been so frustrated.,negative
This ruined everything.,negative
Horrendous experience.,negative
Painfully bad.,negative
Should have known better.,negative
Utter garbage.,negative
Made my blood boil.,negative
Can't stand this anymore.,negative
Deeply unhappy with this.,negative
Wish I could give zero stars.,negative
Appalling service.,negative
Totally heartbroken.,negative
Worst thing I've ever bought.,negative
Feeling so down because of this.,negative
Regret this decision deeply.,negative
Made me cry in frustration.,negative
Disgusted by this experience.,negative
Never felt so disappointed.,negative
Complete nightmare.,negative
Wish I could erase this memory.,negative
Absolutely devastated.,negative
The wifi is so slow today it's unbearable,negative
My flight got delayed for the third time,negative
This coffee tastes like dirty water,negative
The package never arrived despite the tracking saying delivered,negative
The customer service rep was completely useless,negative
My phone battery dies in 2 hours now,negative
The hotel room smells like mold and cigarettes,negative
The concert was canceled at the last minute,negative
This traffic is making me miss my appointment,negative
The food took over an hour and arrived cold,negative
The new update ruined my favorite app,negative
They charged me twice for the same purchase,negative
The movie was a complete waste of time,negative
My luggage got lost during my connecting flight,negative
The AC broke during the hottest day of summer,negative
The restaurant got my order wrong three times,negative
The taxi driver took the longest route possible,negative
This product broke after just one week of use,negative
The neighbors have been loud all night,negative
The website crashed during checkout,negative
The plumber never showed up like promised,negative
The delivery guy left my package in the rain,negative
This mattress is giving me back pain,negative
The service at this place is ridiculously slow,negative
My reservation somehow disappeared from their system,negative
The repair cost was twice what they estimated,negative
The concert tickets were way overpriced,negative
The hotel bed had stains on the sheets,negative
The app keeps freezing every time I use it,negative
The food poisoning ruined my entire vacation,negative
The landlord raised the rent by 30%,negative
The car rental place gave me a vehicle with no gas,negative
The speaker at the conference was completely unprepared,negative
The gym equipment is always broken,negative
The taxi smelled like someone smoked in it,negative
The online order came with missing items,negative
The movie theater seats were sticky and gross,negative
The airline lost my luggage for the second time,negative
The new manager made everything worse,negative
The website's pop-up ads make it unusable,negative
"The ""waterproof"" phone case wasn't waterproof",negative
The concert sound system kept cutting out,negative
The hotel charged me for services I didn't use,negative
The food delivery took 2 hours for cold fries,negative
The customer support hung up on me twice,negative
The product photos were completely misleading,negative
The construction noise starts at 6am every day,negative
The parking ticket machine wasn't working,negative
The tour guide got all the historical facts wrong,negative
"The so-called ""luxury"" apartment has cockroaches",negative
Wow I am so happy,positive
This is the best day ever!,positive
I love this song so much!,positive
The weather is absolutely perfect today,positive
Just got promoted at work! So excited!,positive
My team won the championship! Amazing!,positive
This meal is delicious beyond words,positive
Feeling so grateful for all my blessings,positive
The concert was absolutely incredible!,positive
Just adopted the cutest puppy ever!,positive
Vacation starts tomorrow! Can't wait!,positive
Got accepted into my dream school!,positive
This book is life-changing!,positive
My new phone works perfectly!,positive
Family reunion was so much fun!,positive
Just finished my project and it looks amazing!,positive
The service at this hotel is outstanding!,positive
Woke up feeling refreshed and energized!,positive
My garden is blooming beautifully!,positive
This coffee is absolutely perfect!,positive
Just had the most wonderful date!,positive
My baby took his first steps today!,positive
The sunset was breathtaking today!,positive
I aced my final exam! So relieved!,positive
This new recipe turned out fantastic!,positive
Got front row tickets to my favorite show!,positive
My friend surprised me with the best gift!,positive
The beach was so peaceful today,positive
Just completed my first marathon!,positive
This spa day is exactly what I needed,positive
Received unexpected bonus at work!,positive
My plants are thriving this season!,positive
This movie made me laugh so hard!,positive
Finally got my dream job offer!,positive
The park looks gorgeous in spring!,positive
My partner cooked my favorite meal!,positive
This workout class is energizing!,positive
Just bought my first home! So happy!,positive
My students did exceptionally well on their tests,positive
The new update works like a charm!,positive
This vacation is paradise!,positive
My art project got selected for exhibition!,positive
The baby's laughter is contagious!,positive
This playlist is absolutely fire!,positive
Reconnected with an old friend today,positive
My investment paid off handsomely!,positive
This sunset view is magical!,positive
Just published my first book!,positive
The customer service was exceptional!,positive
This new cafe has the most amazing matcha latte!,positive
My dog just learned to fetch - so proud!,positive
The sunrise this morning was pure magic âœ¨,positive
Finally found the perfect vintage jacket!,positive
My sourdough bread actually turned out well!,positive
Got recognized at work for my efforts - yay!,positive
This cozy blanket is my new happy place,positive
The barista remembered my order - small joys!,positive
My meditation practice is really paying off!,positive
Just got a surprise package from my bestie!,positive
The new park has the best walking trails!,positive
My homemade pizza was restaurant-quality!,positive
This podcast episode was mind-blowing!,positive
My plants just sprouted new leaves ðŸŒ±,positive
The kindness of strangers today warmed my heart,positive
Found $20 in my old jeans - lucky day!,positive
This bookâ€™s ending left me smiling for hours,positive
My new headphones have incredible sound!,positive
The farmers' market had the freshest berries!,positive
My yoga instructorâ€™s energy is contagious!,positive
Just had the most wholesome conversation,positive
This skincare routine is working wonders!,positive
My niece drew me the sweetest picture!,positive
The rain sounds so peaceful right now â˜”,positive
Finally organized my closet - so satisfying!,positive
This smoothie bowl is almost too pretty to eat!,positive
My flight got upgraded to business class!,positive
The new season of my favorite show is here!,positive
This candle smells like a tropical vacation,positive
My coding project finally runs without bugs!,positive
The librarian recommended the perfect book!,positive
Just witnessed the cutest puppy playing,positive
This thrift store find was a total steal!,positive
My sour candy addiction is being fulfilled!,positive
The autumn leaves are breathtaking today,positive
My mentor gave me the best advice!,positive
This new app has simplified my life!,positive
The cashier gave me an extra discount!,positive
My homemade lemonade is a hit at the party!,positive
The museum exhibit was awe-inspiring!,positive
My new journal has the perfect paper texture,positive
This motivational video got me pumped!,positive
The ice cream truck just arrived - nostalgia!,positive
My teamâ€™s collaboration is seamless lately,positive
This street performer was incredibly talented,positive
The quiet morning with coffee is bliss,positive
My DIY project turned out better than expected!,positive
This random compliment made my day!,positive
The new bakery in town is a gem!,positive
The meeting has been rescheduled for 3 PM.,neutral
The bus arrived exactly on time today.,neutral
I need to buy more printer ink.,neutral
The weather app says it might rain later.,neutral
The office is unusually quiet this afternoon.,neutral
My laptop battery lasts about 5 hours now.,neutral
The grocery store was out of almond milk.,neutral
The new update added a few minor features.,neutral
The train is running on its usual schedule.,neutral
I finished reading that article you sent.,neutral
The hotel check-in time is at 2 PM.,neutral
The doctorâ€™s office called to confirm my appointment.,neutral
The museum opens at 10 AM tomorrow.,neutral
Iâ€™m waiting for the laundry to finish drying.,neutral
The restaurant has a new menu starting next week.,neutral
The traffic light at Main Street was repaired.,neutral
My phone is at 42% battery right now.,neutral
The conference room has been booked for noon.,neutral
The book I ordered should arrive by Friday.,neutral
The gym was less crowded than usual today.,neutral
The instructions were clear and easy to follow.,neutral
The coffee shop introduced a new loyalty program.,neutral
The flight is expected to land on time.,neutral
I need to renew my library card soon.,neutral
The Wi-Fi connection is stable for now.,neutral
The park benches were repainted last week.,neutral
The email said to reply by end of day.,neutral
The printer is out of black ink again.,neutral
The subway station is being cleaned right now.,neutral
The hotel provides towels and toiletries.,neutral
The supermarket has a sale on canned goods.,neutral
The webinar starts in about 15 minutes.,neutral
The sidewalk construction is almost done.,neutral
The news mentioned a new policy change.,neutral
The bakery closes at 6 PM on Sundays.,neutral
The instructions came with a diagram.,neutral
The taxi fare was the same as usual.,neutral
The office thermostat is set to 72 degrees.,neutral
The parking lot has plenty of spaces today.,neutral
The delivery was left at the front door.,neutral
The meeting agenda was just emailed out.,neutral
The streetlights turn on at 6:30 PM.,neutral
The hotel offers free breakfast until 10 AM.,neutral
The bus stop was moved across the street.,neutral
The software requires a quick restart.,neutral
The conference call lasted 30 minutes.,neutral
The store has both options in stock.,neutral
The recipe calls for two eggs.,neutral
The keys were left on the kitchen counter.,neutral
The printer is now out of paper.,neutral
The meeting has been moved to Conference Room B.,neutral
I need to refill my metro card tomorrow.,neutral
The supermarket receipt was 2 feet long.,neutral
The office thermostat is set to 22 degrees Celsius.,neutral
The train announcement said there will be a 5-minute delay.,neutral
The user manual was 23 pages long.,neutral
The museum's new exhibit opens next month.,neutral
The dry cleaner closes at 7pm on weekdays.,neutral
The email contained three attachments.,neutral
The parking meter accepts credit cards now.,neutral
The hotel lobby has free coffee until 10am.,neutral
The bus stop was relocated due to construction.,neutral
The software update took about 12 minutes.,neutral
The bookstore has a new section for audiobooks.,neutral
The dentist appointment reminder came by text.,neutral
The grocery list had 15 items on it.,neutral
The conference call started right on time.,neutral
The street sign was recently repainted.,neutral
The library book is due in seven days.,neutral
The pharmacy is out of stock on that brand.,neutral
The train seats were recently reupholstered.,neutral
The office supply order arrived before lunch.,neutral
The bank statement showed five transactions.,neutral
The restaurant's special today is chicken pasta.,neutral
The instruction video was 4 minutes and 32 seconds long.,neutral
The hotel room has two queen-sized beds.,neutral
The elevator was temporarily out of service.,neutral
The coffee machine needs a water refill.,neutral
The webinar registration requires an email address.,neutral
The parking garage has spaces on level 3.,neutral
The store's return policy was posted by the register.,neutral
The flight boarding pass showed Gate C12.,neutral
The meeting minutes were distributed to all attendees.,neutral
The sidewalk construction will last two more weeks.,neutral
The product manual was translated into six languages.,neutral
The office chair's height is adjustable.,neutral
The bus schedule changed effective yesterday.,neutral
The conference badge pickup starts at 8am.,neutral
The hotel provides an iron upon request.,neutral
The museum audio guide costs $5 to rent.,neutral
The train platform was crowded but orderly.,neutral
The software installation requires 500MB of space.,neutral
The doctor's office has free Wi-Fi for patients.,neutral
The grocery store's self-checkout was working fine.,neutral
The office recycling bin gets emptied on Fridays.,neutral
The taxi stand was moved to the south entrance.,neutral
The restaurant's menu had gluten-free options marked.,neutral
The package tracking shows delivery by 8pm.,neutral
The bank's ATM was out of receipt paper.,neutral
The conference room has a 65-inch monitor.,neutral
This is the worst day ever.,negative
I hate this product so much.,negative
"Terrible service, never coming back.",negative
I'm so disappointed with this.,negative
This movie was a complete waste of time.,negative
Absolutely horrible experience.,negative
Can't believe how bad this is.,negative
Worst customer service I've ever seen.,negative
I regret buying this.,negative
Such a frustrating experience.,negative
This food tastes awful.,negative
Never using this app again.,negative
Extremely dissatisfied with my purchase.,negative
Ruined my entire day.,negative
Total disaster from start to finish.,negative
I want my money back.,negative
Unbelievably poor quality.,negative
This is unacceptable.,negative
Made me so angry.,negative
Waste of money.,negative
Couldn't be more unhappy.,negative
Beyond disappointed.,negative
Shocking how bad this service is.,negative
Feeling miserable after this.,negative
Not worth a single penny.,negative
Complete letdown.,negative
Worst decision ever.,negative
I feel cheated.,negative
Absolutely disgusting.,negative
Never been so frustrated.,negative
This ruined everything.,negative
Horrendous experience.,negative
Painfully bad.,negative
Should have known better.,negative
Utter garbage.,negative
Made my blood boil.,negative
Can't stand this anymore.,negative
Deeply unhappy with this.,negative
Wish I could give zero stars.,negative
Appalling service.,negative
Totally heartbroken.,negative
Worst thing I've ever bought.,negative
Feeling so down because of this.,negative
Regret this decision deeply.,negative
Made me cry in frustration.,negative
Disgusted by this experience.,negative
Never felt so disappointed.,negative
Complete nightmare.,negative
Wish I could erase this memory.,negative
Absolutely devastated.,negative
The wifi is so slow today it's unbearable,negative
My flight got delayed for the third time,negative
This coffee tastes like dirty water,negative
The package never arrived despite the tracking saying delivered,negative
The customer service rep was completely useless,negative
My phone battery dies in 2 hours now,negative
The hotel room smells like mold and cigarettes,negative
The concert was canceled at the last minute,negative
This traffic is making me miss my appointment,negative
The food took over an hour and arrived cold,negative
The new update ruined my favorite app,negative
They charged me twice for the same purchase,negative
The movie was a complete waste of time,negative
My luggage got lost during my connecting flight,negative
The AC broke during the hottest day of summer,negative
The restaurant got my order wrong three times,negative
The taxi driver took the longest route possible,negative
This product broke after just one week of use,negative
The neighbors have been loud all night,negative
The website crashed during checkout,negative
The plumber never showed up like promised,negative
The delivery guy left my package in the rain,negative
This mattress is giving me back pain,negative
The service at this place is ridiculously slow,negative
My reservation somehow disappeared from their system,negative
The repair cost was twice what they estimated,negative
The concert tickets were way overpriced,negative
The hotel bed had stains on the sheets,negative
The app keeps freezing every time I use it,negative
The food poisoning ruined my entire vacation,negative
The landlord raised the rent by 30%,negative
The car rental place gave me a vehicle with no gas,negative
The speaker at the conference was completely unprepared,negative
The gym equipment is always broken,negative
The taxi smelled like someone smoked in it,negative
The online order came with missing items,negative
The movie theater seats were sticky and gross,negative
The airline lost my luggage for the second time,negative
The new manager made everything worse,negative
The website's pop-up ads make it unusable,negative
"The ""waterproof"" phone case wasn't waterproof",negative
The concert sound system kept cutting out,negative
The hotel charged me for services I didn't use,negative
The food delivery took 2 hours for cold fries,negative
The customer support hung up on me twice,negative
The product photos were completely misleading,negative
The construction noise starts at 6am every day,negative
The parking ticket machine wasn't working,negative
The tour guide got all the historical facts wrong,negative
"The so-called ""luxury"" apartment has cockroaches",negative
My phone died right when I needed it most. Useless!,negative
This coffee tastes like burnt garbage.,negative
Waited 2 hours for food that was cold. Never again.,negative
Flight delayed AGAIN. Absolutely ridiculous.,negative
Customer support ignored me completely. So done.,negative
Bought these shoes and they fell apart in a week.,negative
Worst concert ever. Sound was terrible.,negative
Package arrived broken. What a joke.,negative
Hotel room was filthy. Disgusting experience.,negative
Game crashed and deleted my progress. Furious.,negative
"Ordered XL, got XS. How is this even possible?",negative
Restaurant messed up my order THREE TIMES.,negative
Internet down for the 5th time this week. Pathetic.,negative
Movie was so boring I walked out halfway.,negative
Spent $100 on a meal that made me sick.,negative
Train was packed like sardines. Awful commute.,negative
Received the wrong item and now they wonâ€™t refund.,negative
Service was slow and the staff was rude.,negative
Book arrived with pages missing. Unacceptable.,negative
Air conditioner broke in the middle of summer. Hell.,negative
Wasted my entire weekend fixing their mistake.,negative
App keeps freezing. Developers should be ashamed.,negative
Overpriced and underwhelming. Total scam.,negative
Food was so salty it was inedible.,negative
Waiter argued with me instead of fixing the order.,negative
Lost my luggage and no one cares. Thanks for nothing.,negative
Worst haircut of my life. I look ridiculous.,negative
Website charged me twice. Fraud much?,negative
Taxi driver took the longest route on purpose.,negative
Room smelled like mold. Couldnâ€™t sleep all night.,negative
Event was canceled last minute with no refund.,negative
Battery drains in 2 hours. Complete waste.,negative
Park was overcrowded and trash everywhere.,negative
Order never arrived. Just took my money.,negative
Music was so loud it gave me a headache.,negative
Product photos were completely misleading.,negative
Staff rolled their eyes when I asked for help.,negative
Seat was broken and uncomfortable the whole flight.,negative
Sandwich had a hair in it. Nauseating.,negative
Delivery guy threw my package at the door. Classy.,negative
Website crashed during checkout. Lost my items.,negative
Tour guide was uninformed and boring.,negative
Room had no hot water. Ice-cold shower. Joy.,negative
Movie spoilers everywhere. Ruined the experience.,negative
Food delivery took 3 hours. Starved by then.,negative
Concert tickets were fake. Scammed out of $200.,negative
Store closed early when I needed it most. Typical.,negative
Headphones broke after 2 uses. Cheap garbage.,negative
Service animal policy was discriminatory.,negative
Parking cost more than the event itself. Robbery.,negative
Speaker system was crackling the entire time.,negative
"Food was cold, bland, and overpriced. Triple fail.",negative
Taxi smelled like cigarettes. Disgusting.,negative
Event was nothing like the advertisement.,negative
Package 'delivered' but nowhere to be found.,negative
Bought a 'new' item that was clearly used.,negative
Wi-Fi is slower than dial-up. Unbelievable.,negative
Room had bedbugs. Now Iâ€™m itchy everywhere.,negative
Customer service hung up on me. So professional.,negative
Food was undercooked and made me vomit.,negative
Flight turbulence was terrifying. Never flying again.,negative
Concert was oversold. Couldnâ€™t even move.,negative
Website logged me out and deleted my cart.,negative
Hotel charged me for damages I didnâ€™t do.,negative
"Product arrived damaged. No apology, no refund.",negative
Restaurant ignored my allergy request.,negative
Taxi driver was on his phone the whole ride.,negative
Movie theater seats were sticky. Gross.,negative
Order missing half the items. Incompetent.,negative
Event security was rude and aggressive.,negative
Food had a fingernail in it. Absolutely vile.,negative
Flight attendant was dismissive and rude.,negative
Bought tickets but the event was full. Scam.,negative
Store refused to honor their own coupon.,negative
Room had no AC in 100Â°F weather. Torture.,negative
Package left in the rain. Everything ruined.,negative
Service was so slow I missed my appointment.,negative
Website auto-subscribed me to spam.,negative
Food delivery forgot my drinks. Again.,negative
Train was so late I missed my meeting.,negative
Bought a 'premium' product that broke instantly.,negative
Hotel lost my reservation. No help at all.,negative
Restaurant played awful music nonstop.,negative
Received expired food. How is this legal?,negative
Taxi driver got lost and overcharged me.,negative
Movie audio was out of sync. Unwatchable.,negative
Order arrived a week late. Useless.,negative
Event was disorganized chaos.,negative
Food was freezer-burnt and tasteless.,negative
Flight was overbooked and I got bumped.,negative
Concert sound quality was ear-piercing.,negative
Store had a 1-hour line for checkout. Why?,negative
Room had no working outlets. Fantastic.,negative
Package was left at the wrong address.,negative
Service was nonexistent. Just ignored.,negative
Website had hidden fees at checkout.,negative
Food delivery gave me someone elseâ€™s order.,negative
Train had no working bathrooms. Disgraceful.,negative
Bought a 'luxury' item that feels like plastic.,negative
Hotel had constant construction noise.,negative
Restaurant seated us next to the trash area.,negative
Received the wrong color. No returns allowed.,negative
Taxi driver drove recklessly. Scary experience.,negative
Movie had no subtitles when advertised.,negative
Order was missing the main item. Pointless.,negative
Event ran out of food in the first hour.,negative
"Just closed a huge deal at work, feeling unstoppable!",positive
My heart is so full of joy right now,positive
Got a surprise visit from an old friendâ€”what a treat!,positive
"Sunshine and coffee, can't ask for more",positive
Passed my finals! Hard work really pays off,positive
Had the most relaxing weekend getaway,positive
"Got promoted today, absolutely buzzing!",positive
Feeling motivated and inspired to take on the world,positive
Great vibes all around today,positive
"Everything is aligning perfectly, I feel lucky",positive
My puppy just did the cutest thing ever,positive
Woke up early and smashed my morning routine,positive
Finally finished that project and it feels amazing,positive
My garden is blooming beautifully this season,positive
Every little thing today has made me smile,positive
Random acts of kindness restore my faith in humanity,positive
I just canâ€™t stop dancing today,positive
My favorite song just played on the radioâ€”twice!,positive
The universe is definitely on my side today,positive
I love how peaceful my life feels lately,positive
Just ran into someone I really admire and they were so kind,positive
Had the best sleep ever last night,positive
Just baked cookies and the house smells amazing,positive
My workout today felt incredible,positive
Got complimented on my outfit and it made my day,positive
I feel so connected and loved today,positive
Fresh air and good thoughts only today,positive
Today just feels right,positive
I finally mastered that tricky yoga pose!,positive
Just saw the most breathtaking sunset,positive
I feel so proud of my progress lately,positive
My team crushed it at the meeting today,positive
Grateful for small wins and big smiles,positive
My coffee hit just right this morning,positive
Iâ€™m so excited for whatâ€™s coming next,positive
Just had a heartwarming conversation with my grandma,positive
My plants are thriving and so am I,positive
Someone just paid for my coffeeâ€”so sweet!,positive
Love it when everything just flows,positive
This playlist is giving me life today,positive
Had an incredible brainstorm sessionâ€”ideas are flowing,positive
Life is full of good surprises,positive
My cat curled up next to me and purredâ€”pure bliss,positive
I feel truly seen and appreciated today,positive
Iâ€™m overflowing with gratitude right now,positive
Just checked something big off my bucket list,positive
"Feeling bold, bright, and brilliant",positive
Met someone new who made my day,positive
"Iâ€™m living my dream, slowly but surely",positive
Getting recognition for my efforts feels amazing,positive
This morningâ€™s sunrise was magical,positive
Finally reached a long-time goalâ€”what a moment!,positive
I love being surrounded by positive people,positive
"This weekend is going to be amazing, I can feel it",positive
My creativity is flowing like never before,positive
Everything just feels possible right now,positive
Just laughed so hard I cried,positive
Iâ€™m so content with where I am,positive
Grateful for this beautiful moment,positive
My heart feels light and free,positive
Had such a lovely chat with a stranger,positive
Iâ€™m so lucky to have these people in my life,positive
This weather is absolute perfection,positive
I just got the best news ever!,positive
Witnessed something truly inspiring today,positive
Iâ€™m loving the way things are unfolding,positive
Every moment feels like a gift,positive
I canâ€™t stop smiling today,positive
Just received the kindest message,positive
My favorite food + good company = perfect evening,positive
I feel like dancing all night!,positive
This book Iâ€™m reading is so uplifting,positive
Hit a personal best at the gym!,positive
Just had a breakthrough idea for my project,positive
Iâ€™m so excited for the future,positive
The little things are making a big difference,positive
I feel deeply at peace,positive
Got my dream apartmentâ€”still in shock!,positive
Everything is working out better than expected,positive
"Enjoyed a quiet, cozy morning with tea and a good book",positive
My inner child is so happy right now,positive
This moment feels like magic,positive
Just signed up for something Iâ€™m passionate about,positive
I feel genuinely loved and supported,positive
The stars looked so beautiful last night,positive
Today felt like a warm hug,positive
Had a spontaneous adventure and it was perfect,positive
I love where Iâ€™m headed in life,positive
Just got some really kind feedback,positive
Iâ€™m finding joy in the simplest things,positive
My favorite artist dropped a new albumâ€”on repeat!,positive
Work feels like play today,positive
Something good is definitely coming,positive
Made someone smile today and it made my day too,positive
Everything feels fresh and exciting,positive
Iâ€™m proud of how far Iâ€™ve come,positive
I just canâ€™t wait to see whatâ€™s next,positive
Had a delicious meal with friendsâ€”pure joy,positive
Found peace in silence today,positive
Iâ€™m exactly where I need to be,positive
This project Iâ€™m working on brings me so much joy,positive
Feeling empowered and energized,positive
Got a random compliment and it made my whole day,positive
The meeting starts at 3 PM.,neutral
Traffic is moving slowly today.,neutral
The printer is out of paper.,neutral
Flight AA123 landed on time.,neutral
It's currently 72Â°F outside.,neutral
The store closes at 9 PM.,neutral
I need to buy more toothpaste.,neutral
The book has 320 pages.,neutral
Her hair is tied in a ponytail.,neutral
The train arrives at platform 4.,neutral
The laptop battery is at 47%.,neutral
"Today is Tuesday, April 25th.",neutral
The museum opens at 10 AM.,neutral
The recipe calls for two eggs.,neutral
The bus stop is on Maple Street.,neutral
The conference room is booked.,neutral
His shirt is blue and white.,neutral
The dog is sleeping on the couch.,neutral
The password needs 8 characters.,neutral
The grocery list has 12 items.,neutral
The car's fuel tank is half full.,neutral
The movie runtime is 2 hours.,neutral
The office has 15 employees.,neutral
The keys are on the kitchen counter.,neutral
The package weighs 3.5 pounds.,neutral
The meeting agenda has 5 topics.,neutral
The coffee machine is brewing.,neutral
The sidewalk is wet from rain.,neutral
The hotel check-in time is 3 PM.,neutral
The document is 10 pages long.,neutral
The cat is sitting by the window.,neutral
The gym opens at 6 AM tomorrow.,neutral
The phone screen is 6.1 inches.,neutral
The train ticket costs $12.50.,neutral
The restaurant has vegan options.,neutral
The shoes are size 9.,neutral
The light bulb needs replacing.,neutral
The webinar starts in 10 minutes.,neutral
The streetlights just turned on.,neutral
The notebook has lined pages.,neutral
The flight has a layover in Chicago.,neutral
The Wi-Fi network is 'Home_2.4GHz'.,neutral
The calendar reminder is set.,neutral
The plant needs watering weekly.,neutral
The parking lot has 50 spaces.,neutral
The stapler is out of staples.,neutral
The email was sent at 4:30 PM.,neutral
The shirt is made of cotton.,neutral
The bus arrives every 20 minutes.,neutral
The hotel has a swimming pool.,neutral
The laptop charger is unplugged.,neutral
The conference call ID is 123-456.,neutral
The milk expires in 3 days.,neutral
The painting is 24x36 inches.,neutral
The appointment is next Wednesday.,neutral
The coffee is black with no sugar.,neutral
The mailbox is full.,neutral
The shoes are by the front door.,neutral
The meeting is in Room 205.,neutral
"The car's odometer reads 45,200.",neutral
The library has 5 floors.,neutral
The battery level is at 15%.,neutral
The train departs at 7:45 AM.,neutral
The shirt is hanging in the closet.,neutral
The restaurant serves Italian food.,neutral
The document was updated yesterday.,neutral
The keys are in the jacket pocket.,neutral
The hotel has free breakfast.,neutral
The laptop is running Windows 11.,neutral
The book is on the top shelf.,neutral
The flight duration is 2.5 hours.,neutral
The coffee cup is half empty.,neutral
The meeting was rescheduled to Friday.,neutral
The dog is wearing a red collar.,neutral
The phone is charging on the desk.,neutral
The store accepts credit cards.,neutral
The bus fare is $2.50 exact change.,neutral
The office temperature is 70Â°F.,neutral
The shoes are next to the umbrella.,neutral
The webinar requires registration.,neutral
The milk is in the fridge door.,neutral
The appointment lasts 30 minutes.,neutral
The car is parked in spot B12.,neutral
The book was published in 2020.,neutral
The train is running 5 minutes late.,neutral
The shirt needs ironing.,neutral
The hotel has a business center.,neutral
The laptop has a 512GB SSD.,neutral
The meeting notes are typed up.,neutral
The dog barked twice.,neutral
The phone case is black.,neutral
The store has a sale on towels.,neutral
The bus driver changed shifts.,neutral
The office has a water cooler.,neutral
The shoes are slip-resistant.,neutral
The webinar has 200 attendees.,neutral
The milk carton is almost empty.,neutral
The appointment is at the dentist.,neutral
The car's tire pressure is 32 PSI.,neutral
The book belongs to the library.,neutral
The train has free Wi-Fi.,neutral
The shirt is folded in the drawer.,neutral
The hotel provides towels.,neutral
The laptop fan is running quietly.,neutral
The meeting ended at 5 PM.,neutral
The app glitched and deleted all my data. Years of work gone.,negative
Waited in line for an hour just to be told they're 'out of stock'.,negative
My order arrived covered in some mysterious sticky substance. Revolting.,negative
The 'waterproof' watch died in the rain. False advertising at its finest.,negative
Hotel promised a ocean view. Got a view of a dumpster instead.,negative
Paid for express shippingâ€”still took 2 weeks. What's the point?,negative
Restaurant served raw chicken and acted like it was my fault for complaining.,negative
The so-called 'luxury' rental had cockroaches. I demand a refund.,negative
Flight was canceled last minute with zero compensation. Never flying this airline again.,negative
Bought a 'non-refundable' ticket before realizing it was a scam site.,negative
"The mechanic 'fixed' my car, but it broke down again the next day.",negative
Customer service told me to 'just be patient' after their error cost me $300.,negative
Movie was so bad I walked out and demanded my money back.,negative
Delivery driver threw my fragile package like a football. Surpriseâ€”it's shattered.,negative
Hotel charged me $50 for 'incidentals' I never used. Thieves.,negative
The concert was 90% ads and 10% actual music. Total rip-off.,negative
Book arrived with coffee stains and torn pages. 'New condition' my ass.,negative
Food delivery forgot my entrÃ©e. Just got a side of fries for $25. Cool.,negative
Airbnb had no working heat in December. Spent the night shivering.,negative
Battery exploded after one charge. Safety hazard much?,negative
Doctor's office lost my paperwork and made me redo everything.,negative
"Taxi driver 'didn't have change' for a $20. Yeah, sure.",negative
Event was oversoldâ€”couldnâ€™t see or hear anything from the back.,negative
Online course was just recycled YouTube videos. Scam.,negative
Gym charged me for a 'free' trial. Took 3 months to reverse it.,negative
Car rental gave me a vehicle with no brakes. Are you trying to kill me?,negative
Hotel keycard failed 6 times. Had to walk to reception in my pajamas.,negative
Bought 'fresh' produce that was moldy inside. Thanks for nothing.,negative
Package 'delivered' but stolen off my porch within minutes.,negative
Restaurant added a 20% 'service fee' for takeout. Since when?,negative
Plumber left the pipes leaking worse than before. Master of his craft.,negative
Flight attendant spilled hot coffee on my laptop. No apology.,negative
Movie theaterâ€™s sound cut out for the entire climax. Ruined the film.,negative
Paid extra for aisle seatsâ€”got stuck in the middle row. How?,negative
Dry cleaner shrank my favorite suit. 'Not our fault' they said.,negative
Online support replied with copy-paste answers that didnâ€™t help.,negative
Concert tickets were $200 eachâ€¦ for a 45-minute set. Robbery.,negative
Hotelâ€™s 'complimentary breakfast' was stale bread and warm juice.,negative
Bought a 'pet-friendly' Airbnb that charged $150 for my cat.,negative
Delivery instructions were ignored. Left my groceries in the rain.,negative
Meal prep service sent the wrong meals for my dietary restrictions.,negative
Car wash scratched my paint. Their response? 'It was already there.',negative
Tech support hung up after 2 hours on hold. Problem still not fixed.,negative
Event advertised 'free parking'â€”ended up paying $40 at a sketchy lot.,negative
I just realized how much Iâ€™ve grownâ€”feels incredible,positive
Life threw some surprises today and they were all good ones,positive
My friend just got amazing news and Iâ€™m so happy for them,positive
Had a solo dance party in my room and it was epic,positive
Sometimes things just work out better than you imagined,positive
"My mood today: grateful, grounded, glowing",positive
A stranger smiled at me and it totally lifted my spirit,positive
"Finally took time for myself and wow, I needed that",positive
Everything about today just feels calm and right,positive
Got lost in my art for hoursâ€”pure bliss,positive
I love the way the world looks after it rains,positive
My heart is wide open today,positive
Shared a laugh with someone I hadnâ€™t seen in years,positive
Finally felt confident enough to speak upâ€”so empowering,positive
Sometimes a good cry and a cup of tea is all you need,positive
Cooked something new and it turned out delicious,positive
Finished a long run and I feel like a champion,positive
I feel like Iâ€™m blooming into who Iâ€™m meant to be,positive
Just took a deep breath and felt completely at peace,positive
Had a real talk with someone I care aboutâ€”it brought us closer,positive
"Made progress today, even if no one else saw it",positive
Watched the stars with no distractionsâ€”just peace,positive
I forgot how good it feels to just let go and laugh,positive
Finally let go of something I didnâ€™t needâ€”freedom!,positive
Today reminded me that Iâ€™m stronger than I think,positive
Did something kind for someone and it felt amazing,positive
Rediscovered a song that brings back great memories,positive
My energy feels so aligned today,positive
Appreciating the little victories today,positive
I caught myself smiling for no reason,positive
I trusted my gut today and it paid off,positive
That warm fuzzy feeling hit me out of nowhere,positive
Iâ€™m proud of myself for showing up,positive
Wrote down 5 things Iâ€™m grateful forâ€”feels good,positive
I feel totally recharged after that nature walk,positive
Got an unexpected complimentâ€”what a sweet surprise,positive
Iâ€™m loving this chapter of my life,positive
I finally feel like myself again,positive
Everything felt light and easy today,positive
Created something Iâ€™m really proud of,positive
This positive mindset thing really works,positive
Reconnected with someone who brings out the best in me,positive
Today made me realize how far Iâ€™ve come,positive
"Iâ€™m learning to love the journey, not just the destination",positive
Even the air feels sweeter today,positive
Finally felt like I was in the right place at the right time,positive
Woke up smiling and stayed that way all day,positive
Someone remembered a tiny detail about meâ€”it meant so much,positive
Iâ€™m overflowing with good energy today,positive
"Today was filled with small, unexpected joys",positive
"Just vibing with life right now, and it feels amazing",positive
Please remember to submit your timesheets by Friday.,neutral
The office will be closed on Monday for maintenance.,neutral
Your prescription is ready for pickup at the pharmacy.,neutral
The train to Boston departs from track 7 at 3:15pm.,neutral
Today's high temperature will be 68 degrees.,neutral
The museum opens at 10am and closes at 5pm.,neutral
Your dental appointment is confirmed for next Tuesday.,neutral
The printer in the hallway is out of toner.,neutral
Parking is available in the lot behind the building.,neutral
The webinar will begin promptly at 11am Eastern.,neutral
Please use the side entrance while construction continues.,neutral
The book you requested is now available at the library.,neutral
Your license plate renewal notice was mailed yesterday.,neutral
The sidewalk on Main Street is currently being repaired.,neutral
Breakfast is served daily from 6:30am to 10:30am.,neutral
The software update will take approximately 20 minutes.,neutral
Your car's oil change is due in approximately 500 miles.,neutral
The conference call dial-in number is 555-123-4567.,neutral
The grocery store is open until 10pm tonight.,neutral
Mail delivery occurs between 1pm and 3pm on weekdays.,neutral
The project deadline has been extended by one week.,neutral
Your hotel reservation is confirmed for three nights.,neutral
The bus arrives at this stop every 25 minutes.,neutral
Your account statement was generated on the 15th.,neutral
The office supply order will be delivered tomorrow.,neutral
Your flight is scheduled to depart at 8:45am.,neutral
The monthly report has been uploaded to the server.,neutral
Trash collection occurs on Tuesdays and Fridays.,neutral
The password must contain at least 8 characters.,neutral
Your dry cleaning will be ready after 5pm today.,neutral
The elevator on the north side is out of service.,neutral
Your appointment reminder has been sent via text.,neutral
The restaurant accepts reservations up to 30 days in advance.,neutral
Your package is currently at the sorting facility.,neutral
The water will be shut off for repairs from 9am to noon.,neutral
Your subscription will automatically renew next month.,neutral
The conference room has been booked for your meeting.,neutral
Your driver's license expires in six months.,neutral
The movie runtime is 1 hour and 52 minutes.,neutral
Your credit card statement date is the 18th of each month.,neutral
The warranty on your device expires in three months.,neutral
Your prescription refill has been authorized.,neutral
The street sweeping schedule begins next Monday.,neutral
Your internet bill is due on the 10th of the month.,neutral
The office holiday party will be held on December 15th.,neutral
